user_id,购买次数
107932,72
122504,69
128379,65
1008380,57
1003983,43
108865,36
128113,32
1003901,31
114948,31
1010288,30
102953,29
100101,28
1249,26
1014610,25
116930,25
1007071,24
1006872,23
1016912,23
106286,23
123755,23
1005259,21
1015255,21
1015754,21
101832,21
118202,21
130706,21
1008275,20
109660,20
130503,20
1000488,19
1004881,19
107569,19
107606,19
111322,19
124892,19
1007670,18
102742,18
103141,18
107134,18
112055,18
112717,18
124507,18
1008830,17
1009501,17
1012148,17
1013381,17
112870,17
113705,17
123714,17
12801,17
13006,17
130595,17
1000723,16
1002031,16
1006897,16
1007335,16
1010333,16
1013013,16
113371,16
119489,16
128000,16
128686,16
1001305,15
1001866,15
1004584,15
1005709,15
1007078,15
1008799,15
1011390,15
103532,15
104083,15
112568,15
118056,15
118567,15
12035,15
12701,15
127768,15
100134,14
1006745,14
1007912,14
1010219,14
101381,14
1013889,14
1017902,14
103242,14
107025,14
107027,14
10899,14
112597,14
114467,14
116028,14
116659,14
121136,14
121789,14
100116,13
1007035,13
1007952,13
1014418,13
106118,13
107078,13
110097,13
110694,13
113164,13
114687,13
115047,13
115411,13
116523,13
118740,13
119502,13
126696,13
1000085,12
1002763,12
1004096,12
1004458,12
1005649,12
1006262,12
1006307,12
1006597,12
1006616,12
1007786,12
101008,12
1011652,12
1015673,12
102716,12
104166,12
106080,12
106617,12
10681,12
108259,12
111932,12
112970,12
117648,12
119472,12
122286,12
122410,12
122497,12
122919,12
12322,12
1234,12
125187,12
125303,12
128229,12
129387,12
129620,12
1000417,11
1002222,11
1005284,11
100678,11
1008230,11
1008972,11
1009934,11
1010478,11
1011021,11
1011655,11
1011872,11
1015219,11
101526,11
10469,11
109321,11
110029,11
112456,11
11295,11
113973,11
114781,11
117539,11
118784,11
11946,11
11976,11
120993,11
121724,11
121757,11
122413,11
123962,11
124321,11
124607,11
125674,11
127015,11
127883,11
128614,11
129702,11
1000684,10
10009,10
1001199,10
1001375,10
1001545,10
1002166,10
1002228,10
1002307,10
1002358,10
1003826,10
1004726,10
1005124,10
1008085,10
1010299,10
1010603,10
1010785,10
1012525,10
1015545,10
1016977,10
1017027,10
1017105,10
1017785,10
103153,10
10877,10
109364,10
111549,10
113446,10
1156,10
117,10
117146,10
117174,10
118432,10
119668,10
120059,10
120448,10
121204,10
122852,10
123242,10
123812,10
125230,10
126071,10
12644,10
126908,10
127621,10
128377,10
128390,10
129771,10
129805,10
130495,10
130616,10
1001629,9
1001662,9
1002237,9
1003716,9
1003906,9
1004463,9
1006141,9
1006653,9
1007181,9
1007501,9
1008221,9
1008994,9
1009211,9
1010869,9
1012002,9
1012105,9
101212,9
1015454,9
1015678,9
1015756,9
1015988,9
101660,9
101983,9
102632,9
104019,9
104620,9
104703,9
104710,9
104785,9
105027,9
105540,9
107109,9
107588,9
108275,9
108354,9
109163,9
109856,9
111365,9
11141,9
111822,9
112287,9
112741,9
112997,9
113372,9
113570,9
114926,9
115229,9
115555,9
115935,9
116108,9
116132,9
116682,9
117184,9
117439,9
118867,9
118982,9
119125,9
1192,9
120379,9
120528,9
120734,9
120900,9
121877,9
122383,9
122423,9
124095,9
12476,9
125422,9
125864,9
127276,9
127978,9
128212,9
128260,9
128727,9
130007,9
100,8
1000335,8
1000349,8
1000438,8
1000636,8
1001378,8
1001537,8
100173,8
1001856,8
1002046,8
1002246,8
1002589,8
1003022,8
1003428,8
1004238,8
1004745,8
1004835,8
1005703,8
1005916,8
1006274,8
1006446,8
1006887,8
1008174,8
1008842,8
1009070,8
1009410,8
1010280,8
101188,8
1012275,8
101249,8
1012682,8
1013747,8
1013943,8
1014907,8
1015099,8
1015330,8
1015572,8
1015591,8
1015760,8
1017030,8
1017822,8
1017905,8
102220,8
102257,8
102788,8
103509,8
10365,8
103895,8
104894,8
106067,8
106603,8
106635,8
107002,8
107825,8
108025,8
108755,8
108997,8
109291,8
110003,8
110117,8
110336,8
110360,8
110704,8
111785,8
1119,8
112015,8
11226,8
112710,8
112845,8
112934,8
113163,8
113896,8
114672,8
114824,8
115506,8
116582,8
116894,8
116941,8
117075,8
117205,8
118940,8
119999,8
120137,8
120849,8
120975,8
121070,8
121288,8
121747,8
121890,8
122393,8
12289,8
123563,8
123892,8
124232,8
125061,8
126075,8
12630,8
126468,8
126641,8
128539,8
129056,8
129577,8
129860,8
130577,8
1000084,7
1000115,7
1000436,7
1000641,7
1000877,7
1001419,7
1001566,7
1001841,7
1002042,7
1002185,7
1002331,7
1002387,7
1002526,7
1002618,7
1002637,7
1002705,7
1002886,7
1003510,7
1004448,7
1004792,7
1005419,7
1005616,7
1005688,7
1005746,7
1006110,7
1006471,7
1006920,7
1007148,7
1007319,7
1007387,7
1008245,7
1008786,7
1008904,7
1009611,7
1009822,7
1010170,7
1010281,7
101082,7
1010870,7
1010978,7
1011581,7
1011709,7
1011793,7
1012232,7
1012358,7
1012395,7
1012426,7
1013202,7
1013209,7
1013338,7
1013586,7
1014281,7
1014544,7
1014550,7
1014716,7
1015278,7
1015421,7
1015846,7
1015886,7
1016156,7
1016304,7
1016326,7
1016357,7
1016467,7
1016622,7
10170,7
1017543,7
10236,7
102386,7
102422,7
102633,7
103439,7
103552,7
103790,7
103852,7
104142,7
104570,7
104733,7
105054,7
105116,7
105364,7
105495,7
106663,7
10668,7
10694,7
106940,7
107181,7
107233,7
10776,7
108407,7
108523,7
108996,7
109169,7
109684,7
109728,7
110020,7
110200,7
110365,7
110802,7
110928,7
111095,7
111107,7
111216,7
111266,7
111765,7
11190,7
112165,7
112242,7
11272,7
112775,7
112933,7
113082,7
113244,7
113321,7
113571,7
11403,7
114229,7
114644,7
1149,7
115031,7
11504,7
115254,7
115337,7
115416,7
115810,7
116262,7
116344,7
116405,7
116769,7
116801,7
117013,7
11714,7
11721,7
117455,7
118384,7
119925,7
120009,7
120228,7
120479,7
120781,7
121389,7
121502,7
121575,7
12261,7
122782,7
122853,7
122871,7
123194,7
123252,7
123585,7
123672,7
124273,7
124387,7
125344,7
125587,7
125811,7
126016,7
12665,7
126794,7
126900,7
126979,7
127360,7
127507,7
12756,7
127915,7
127981,7
128073,7
128218,7
128610,7
129193,7
129311,7
129509,7
129580,7
129741,7
130246,7
130586,7
1000222,6
1000505,6
1000565,6
1001054,6
1001241,6
1001461,6
1001625,6
1001921,6
100234,6
10024,6
100257,6
1002909,6
1002970,6
1003177,6
1003191,6
1003249,6
1003321,6
100356,6
1003611,6
1003656,6
1003837,6
1004228,6
1004337,6
1004523,6
1004572,6
1004603,6
1004663,6
100477,6
1004785,6
100483,6
1004879,6
1004964,6
1005074,6
100528,6
100580,6
1005832,6
100599,6
1005995,6
1006267,6
1006402,6
1006482,6
1006889,6
1007231,6
1007453,6
1007747,6
100860,6
1008993,6
1009013,6
1009046,6
1009391,6
1009417,6
1009516,6
1009532,6
1009833,6
101003,6
101023,6
1010381,6
1010399,6
1010453,6
1010839,6
1010864,6
1010899,6
101096,6
1011181,6
1011521,6
1011943,6
1011996,6
1012022,6
1012338,6
1012373,6
1012661,6
1012806,6
1012851,6
1012881,6
101305,6
1013728,6
1013933,6
1014022,6
1014035,6
1014154,6
101420,6
1014265,6
1014427,6
1014446,6
1014557,6
1014694,6
1014732,6
1014789,6
1014917,6
1015250,6
1015471,6
101583,6
1016334,6
1016498,6
1016582,6
1016639,6
1016682,6
1016747,6
101678,6
1016792,6
1016838,6
1017055,6
1017058,6
1017117,6
1017334,6
1017567,6
1017627,6
101771,6
1017719,6
102020,6
102048,6
102050,6
102110,6
102302,6
102304,6
102385,6
102617,6
10267,6
102719,6
102762,6
102773,6
102774,6
102802,6
102972,6
103156,6
103303,6
10363,6
103710,6
103780,6
103902,6
104088,6
104098,6
10476,6
104811,6
105360,6
105455,6
105873,6
10608,6
106190,6
106415,6
106649,6
106838,6
107028,6
107388,6
107565,6
107627,6
108050,6
108102,6
108140,6
108227,6
108233,6
108364,6
10858,6
108605,6
108809,6
108967,6
10926,6
109643,6
109971,6
110311,6
110405,6
11045,6
110956,6
11099,6
111023,6
111270,6
111517,6
111524,6
111948,6
112084,6
112111,6
112726,6
112877,6
11323,6
113397,6
113512,6
113584,6
113617,6
113696,6
113737,6
113823,6
113910,6
11393,6
11417,6
114375,6
114546,6
114558,6
114941,6
115098,6
115932,6
116021,6
116241,6
116310,6
116381,6
117080,6
117090,6
117200,6
117418,6
117462,6
117585,6
117707,6
117772,6
117857,6
118164,6
118237,6
118238,6
118671,6
119280,6
119319,6
119343,6
119496,6
119998,6
120271,6
120315,6
120581,6
120594,6
120932,6
121196,6
1212,6
121379,6
12151,6
121705,6
121741,6
121910,6
121937,6
122272,6
122369,6
122578,6
122693,6
123286,6
123344,6
124194,6
124638,6
124973,6
125050,6
125307,6
125355,6
125377,6
125401,6
125477,6
125482,6
125518,6
126247,6
12646,6
126554,6
126906,6
127010,6
12722,6
127340,6
127345,6
127866,6
127942,6
128129,6
128152,6
128351,6
128372,6
128422,6
128461,6
128480,6
129327,6
129783,6
129948,6
13025,6
13029,6
1304,6
130451,6
130470,6
130477,6
130540,6
1000037,5
1000191,5
1000228,5
1000313,5
1000664,5
1000792,5
1000807,5
1000911,5
1001081,5
1001099,5
1001145,5
1001326,5
1001373,5
1001466,5
1001472,5
1001711,5
100186,5
1001875,5
100191,5
1001915,5
1002034,5
100204,5
1002066,5
1002132,5
1002201,5
1002208,5
1002251,5
1002349,5
1002388,5
1002413,5
100242,5
1002449,5
1002566,5
1002587,5
1002927,5
1002928,5
100294,5
1003065,5
1003131,5
1003163,5
1003200,5
1003351,5
1003586,5
1003724,5
1003781,5
1003975,5
1004172,5
1004327,5
1004339,5
1004381,5
1004807,5
1005166,5
1005294,5
1005337,5
1005417,5
1005498,5
1005564,5
10057,5
1005712,5
1005845,5
1005924,5
1005985,5
1006003,5
1006252,5
1006312,5
1006322,5
1006389,5
1006451,5
1006469,5
1006553,5
1006582,5
1006651,5
1006765,5
1006851,5
1007112,5
1007163,5
1007255,5
1007579,5
1007595,5
1007601,5
1007755,5
1007848,5
1007919,5
1007925,5
100797,5
1008062,5
1008082,5
100812,5
1008137,5
1008289,5
1008557,5
1008870,5
1008891,5
1008916,5
1009437,5
1009859,5
1009884,5
1009898,5
1010051,5
1010079,5
1010125,5
1010560,5
1010664,5
1010691,5
101092,5
1010944,5
1010947,5
1011470,5
1011799,5
1011937,5
1011960,5
1011986,5
1012075,5
1012645,5
1012741,5
1012841,5
1012895,5
1013004,5
1013086,5
1013525,5
1013593,5
1013709,5
1013847,5
1013929,5
1014048,5
1014055,5
1014248,5
1014321,5
1014341,5
1014577,5
1015055,5
1015065,5
1015279,5
101528,5
1015305,5
1015342,5
1015772,5
1015794,5
1016024,5
1016191,5
1016193,5
1016774,5
1017407,5
1017527,5
1017649,5
1017770,5
1017860,5
1017938,5
102163,5
102574,5
102703,5
102721,5
102728,5
102933,5
10301,5
103071,5
103096,5
103197,5
103202,5
103246,5
103308,5
103627,5
103817,5
103854,5
103904,5
10395,5
104010,5
10407,5
104192,5
104337,5
104599,5
104642,5
104691,5
104781,5
104823,5
104842,5
104930,5
10502,5
105044,5
105161,5
105204,5
105422,5
105581,5
105596,5
105602,5
105643,5
105712,5
105748,5
105769,5
105819,5
105907,5
106003,5
106142,5
106235,5
106392,5
106400,5
106435,5
106489,5
106531,5
106699,5
106749,5
107126,5
107159,5
107191,5
107243,5
107293,5
107389,5
107492,5
107665,5
10772,5
107961,5
107989,5
108037,5
108187,5
108457,5
108480,5
109048,5
109124,5
109188,5
109337,5
109388,5
10968,5
10984,5
109957,5
110245,5
110271,5
110622,5
110801,5
110804,5
111052,5
111233,5
111386,5
11145,5
111492,5
111552,5
111821,5
112057,5
112070,5
112099,5
112243,5
112369,5
112372,5
112684,5
112689,5
112930,5
11294,5
112988,5
113269,5
113291,5
113361,5
113375,5
113523,5
113701,5
11379,5
11380,5
113834,5
113932,5
114002,5
114601,5
114650,5
114931,5
114954,5
114962,5
115179,5
115509,5
115512,5
115531,5
115648,5
115752,5
115864,5
115941,5
116333,5
116572,5
116717,5
116820,5
116935,5
117019,5
117053,5
117147,5
117198,5
117226,5
117417,5
117530,5
117606,5
117653,5
117689,5
117718,5
117805,5
11783,5
117957,5
117981,5
118130,5
118513,5
118918,5
118978,5
118996,5
11900,5
119185,5
119272,5
119297,5
119509,5
119664,5
120038,5
120076,5
120241,5
120349,5
120398,5
120493,5
120621,5
120640,5
120929,5
12095,5
121021,5
121321,5
121471,5
121515,5
121613,5
121854,5
121858,5
121924,5
121938,5
121941,5
121985,5
122074,5
122083,5
122232,5
122277,5
122293,5
122379,5
122387,5
122558,5
122563,5
122616,5
123084,5
123090,5
123109,5
123111,5
123264,5
123348,5
12351,5
123543,5
123608,5
123762,5
124001,5
124033,5
124083,5
124127,5
124298,5
124641,5
124813,5
124905,5
12492,5
125112,5
125205,5
125364,5
125461,5
125503,5
125557,5
125578,5
125624,5
125791,5
125800,5
125815,5
125920,5
126314,5
126357,5
126530,5
126537,5
126686,5
126905,5
127054,5
127178,5
127180,5
127323,5
127336,5
127398,5
127419,5
12775,5
128033,5
12806,5
128417,5
128449,5
128469,5
12860,5
128795,5
129133,5
129153,5
129213,5
129286,5
129343,5
129388,5
129523,5
129758,5
129776,5
129867,5
129940,5
129961,5
130216,5
130221,5
130355,5
13061,5
130666,5
1000028,4
1000054,4
1000103,4
1000263,4
100030,4
1000398,4
1000610,4
1000659,4
100068,4
1000718,4
1000836,4
1000872,4
1000878,4
1000937,4
1001065,4
1001102,4
1001120,4
1001131,4
1001186,4
1001232,4
1001235,4
1001596,4
1001652,4
1001783,4
1001804,4
1001829,4
1001860,4
1001944,4
1001988,4
1002020,4
1002032,4
1002093,4
1002095,4
1002226,4
1002520,4
1002534,4
1002578,4
1002685,4
1002934,4
1002940,4
1003027,4
1003041,4
1003095,4
1003183,4
1003273,4
1003390,4
10034,4
10035,4
1003509,4
1003559,4
1003561,4
1003562,4
1003628,4
1003885,4
1003941,4
1004068,4
1004075,4
1004165,4
1004269,4
1004442,4
1004504,4
1004560,4
1004839,4
1004945,4
1004958,4
1005292,4
1005293,4
1005324,4
1005338,4
100540,4
1005407,4
1005414,4
1005474,4
1005704,4
1005713,4
1005742,4
1005752,4
1005758,4
1005760,4
1005807,4
1005838,4
1005866,4
1005874,4
1005961,4
1006097,4
1006448,4
1006453,4
100663,4
1006707,4
1006740,4
1006864,4
1006894,4
1006935,4
1006964,4
1007004,4
1007020,4
1007155,4
1007171,4
1007190,4
1007225,4
1007248,4
1007253,4
1007294,4
1007349,4
1007479,4
1007704,4
1007782,4
1007839,4
1007870,4
1007907,4
100803,4
1008065,4
1008100,4
1008106,4
1008131,4
1008183,4
1008187,4
1008295,4
1008378,4
1008385,4
1008391,4
1008430,4
1008587,4
1008681,4
1008779,4
1008961,4
1009121,4
1009129,4
100925,4
1009257,4
1009285,4
1009529,4
1009559,4
1009666,4
1009673,4
1009712,4
1009768,4
1009997,4
1010006,4
101001,4
1010093,4
1010267,4
1010327,4
1010510,4
1010598,4
1010638,4
1010755,4
1010784,4
1010896,4
1010915,4
1010953,4
1010981,4
1011005,4
1011050,4
1011096,4
1011173,4
1011207,4
1011219,4
1011248,4
1011499,4
1011591,4
1011704,4
1011705,4
1011725,4
1011729,4
1011745,4
1012000,4
1012040,4
1012093,4
1012102,4
1012110,4
1012277,4
1012290,4
1012293,4
1012298,4
1012333,4
101239,4
1012411,4
1012415,4
1012469,4
1012501,4
1012534,4
1012745,4
101303,4
101306,4
1013089,4
1013118,4
101312,4
1013317,4
1013343,4
1013364,4
1013690,4
1013697,4
1013765,4
1014072,4
1014166,4
1014197,4
1014237,4
1014309,4
1014475,4
1014477,4
1014652,4
1014840,4
1014846,4
1014959,4
1015077,4
1015112,4
1015130,4
101515,4
1015229,4
1015328,4
1015386,4
1015548,4
1015578,4
1015718,4
1015887,4
1015890,4
1016016,4
1016054,4
101613,4
1016234,4
1016293,4
1016465,4
1016716,4
1016741,4
1016998,4
1017036,4
1017379,4
1017392,4
101744,4
1017456,4
1017509,4
1017625,4
1017666,4
1017670,4
1017762,4
101777,4
1017869,4
1017915,4
1017937,4
1017972,4
101808,4
101855,4
102019,4
102034,4
102075,4
102103,4
102270,4
102403,4
102626,4
10265,4
102654,4
102682,4
102795,4
10290,4
102917,4
102932,4
10295,4
103062,4
103082,4
103146,4
103159,4
103177,4
103382,4
103427,4
103511,4
103538,4
103585,4
10396,4
103966,4
10404,4
104053,4
104201,4
104216,4
104264,4
104334,4
104349,4
104420,4
104430,4
10449,4
10452,4
104626,4
104659,4
104778,4
104796,4
104865,4
104879,4
104893,4
104899,4
10490,4
104936,4
104944,4
105180,4
10519,4
105194,4
105342,4
105479,4
105509,4
105516,4
105689,4
105729,4
105903,4
105975,4
106038,4
10618,4
106189,4
10622,4
106223,4
106370,4
106395,4
106424,4
106526,4
106532,4
106596,4
106600,4
106613,4
10683,4
106920,4
106928,4
106951,4
107195,4
107318,4
107471,4
107539,4
10757,4
107601,4
107718,4
107723,4
107805,4
107850,4
107982,4
10802,4
108038,4
108206,4
108248,4
108363,4
108417,4
108449,4
108676,4
108696,4
10871,4
108773,4
109004,4
109095,4
109100,4
109135,4
109157,4
109233,4
109343,4
109397,4
109474,4
109661,4
109717,4
109733,4
109880,4
109919,4
10996,4
110056,4
11016,4
110179,4
110294,4
110339,4
110359,4
110455,4
1105,4
110518,4
110652,4
110653,4
110710,4
11079,4
110873,4
110885,4
110904,4
110989,4
111169,4
111226,4
111247,4
111288,4
1114,4
111467,4
11159,4
11162,4
111626,4
111629,4
111738,4
11194,4
111942,4
112104,4
112145,4
112220,4
112285,4
1124,4
112417,4
112503,4
112643,4
112677,4
112867,4
112887,4
112936,4
112961,4
113010,4
1131,4
113111,4
113116,4
113253,4
113424,4
113603,4
113627,4
113731,4
113829,4
113879,4
113890,4
114069,4
114141,4
114142,4
114246,4
11435,4
114478,4
11450,4
114733,4
11495,4
11498,4
115000,4
115046,4
115087,4
115109,4
115185,4
115221,4
115374,4
115376,4
115385,4
115387,4
115476,4
11552,4
115530,4
115614,4
115650,4
115730,4
115733,4
115738,4
115749,4
115773,4
115914,4
116102,4
116133,4
11619,4
116355,4
116387,4
116596,4
116611,4
116708,4
116736,4
116805,4
116837,4
116867,4
116906,4
11708,4
117115,4
117193,4
11730,4
117311,4
117347,4
117421,4
117448,4
117458,4
117540,4
117570,4
117616,4
117679,4
117701,4
117767,4
117770,4
117802,4
117808,4
117818,4
117962,4
117983,4
118021,4
118059,4
118079,4
118087,4
118136,4
11834,4
118441,4
11855,4
118614,4
118686,4
118840,4
118847,4
118976,4
119076,4
119128,4
119139,4
11916,4
119188,4
119205,4
119213,4
119259,4
119379,4
119392,4
119395,4
119410,4
119443,4
119516,4
119527,4
119582,4
119657,4
119746,4
119758,4
119775,4
11998,4
120135,4
120374,4
120563,4
120592,4
120710,4
120958,4
121025,4
12104,4
121182,4
121219,4
12124,4
121417,4
12143,4
121536,4
121584,4
121801,4
12186,4
121948,4
121970,4
121986,4
12202,4
122066,4
122105,4
12213,4
122170,4
122177,4
122214,4
122228,4
122253,4
122264,4
122341,4
122389,4
122403,4
122448,4
122471,4
122607,4
122655,4
122771,4
122911,4
123000,4
123057,4
123132,4
123222,4
123241,4
123245,4
123301,4
123317,4
123520,4
123539,4
123541,4
123694,4
123871,4
12400,4
124036,4
124138,4
12424,4
124274,4
124291,4
124485,4
124506,4
124533,4
124538,4
124623,4
124806,4
124811,4
124848,4
124867,4
125078,4
125090,4
125281,4
125348,4
125363,4
125447,4
125508,4
125537,4
125580,4
125746,4
125983,4
125985,4
12605,4
126145,4
126146,4
126343,4
126482,4
126572,4
126604,4
126789,4
126879,4
126898,4
126935,4
127113,4
127224,4
127308,4
127355,4
127550,4
127706,4
128131,4
128145,4
128186,4
128271,4
128465,4
128590,4
128624,4
128666,4
128708,4
128919,4
128935,4
128967,4
128979,4
129130,4
129170,4
129173,4
129219,4
129235,4
129274,4
129306,4
129499,4
129518,4
129524,4
129559,4
129587,4
129845,4
129922,4
129980,4
130203,4
13036,4
130362,4
13050,4
130563,4
130696,4
13070,4
1000061,3
1000134,3
1000151,3
1000209,3
1000251,3
1000269,3
1000374,3
1000408,3
1000429,3
1000511,3
1000520,3
1000581,3
1000596,3
1000630,3
1000676,3
1000694,3
1000712,3
1000715,3
1000735,3
10008,3
1000856,3
100091,3
1000962,3
1001009,3
100105,3
100107,3
100113,3
1001151,3
1001248,3
1001347,3
1001420,3
1001444,3
1001532,3
1001676,3
1001737,3
1001769,3
100177,3
1001788,3
1001847,3
1001855,3
1001877,3
1001917,3
1001920,3
1001967,3
1002040,3
1002118,3
1002142,3
100215,3
1002188,3
1002191,3
1002194,3
1002202,3
1002271,3
1002295,3
1002317,3
1002330,3
1002392,3
1002428,3
1002435,3
1002672,3
10027,3
1002714,3
100279,3
1002847,3
1002878,3
1003044,3
1003076,3
1003239,3
1003264,3
1003319,3
1003332,3
1003341,3
1003343,3
100340,3
1003422,3
1003531,3
1003610,3
1003643,3
1003707,3
1003711,3
1003740,3
1003767,3
100377,3
1003838,3
1003871,3
100388,3
1003940,3
1004021,3
1004106,3
1004122,3
1004192,3
1004212,3
1004232,3
1004259,3
1004335,3
1004341,3
1004357,3
1004366,3
1004406,3
1004420,3
1004471,3
1004477,3
1004490,3
100451,3
1004538,3
1004577,3
1004606,3
1004651,3
1004681,3
1004682,3
1004730,3
1004895,3
1004906,3
1005055,3
100523,3
1005233,3
1005269,3
1005281,3
1005320,3
1005345,3
1005422,3
1005455,3
1005482,3
1005502,3
1005521,3
1005551,3
1005559,3
1005571,3
1005572,3
1005626,3
1005661,3
1005707,3
1005860,3
1005877,3
1005897,3
1005906,3
1005909,3
1005952,3
1005953,3
1005990,3
100600,3
1006126,3
1006159,3
1006173,3
1006181,3
1006204,3
1006207,3
1006224,3
1006354,3
1006395,3
1006404,3
1006405,3
1006432,3
1006510,3
1006513,3
1006525,3
1006586,3
1006601,3
1006666,3
1006803,3
1006919,3
1006938,3
1006954,3
1007027,3
1007076,3
1007082,3
1007123,3
1007356,3
1007391,3
100740,3
1007402,3
1007476,3
1007484,3
1007513,3
100757,3
1007596,3
100760,3
1007629,3
1007770,3
1007802,3
1007857,3
1007934,3
1007963,3
1007965,3
1007976,3
1007983,3
1007993,3
1008003,3
1008097,3
100821,3
1008212,3
1008241,3
1008333,3
1008370,3
1008405,3
1008425,3
1008614,3
1008698,3
100871,3
1008794,3
1008820,3
1008834,3
1008883,3
1008906,3
1009005,3
1009026,3
1009056,3
1009153,3
1009155,3
1009158,3
1009202,3
1009221,3
1009225,3
1009405,3
1009512,3
1009524,3
1009587,3
1009608,3
1009639,3
1009718,3
1009722,3
1009753,3
100977,3
1009771,3
1009798,3
1009880,3
1010032,3
1010040,3
1010044,3
1010129,3
1010157,3
1010208,3
1010269,3
1010279,3
1010347,3
1010362,3
1010396,3
1010411,3
1010416,3
1010445,3
101047,3
1010504,3
1010507,3
1010582,3
1010596,3
1010704,3
1010711,3
1010806,3
1010816,3
1010853,3
1010857,3
1010861,3
101088,3
1010919,3
1010945,3
1011084,3
1011120,3
1011171,3
1011172,3
1011217,3
1011227,3
1011235,3
1011254,3
1011272,3
1011322,3
1011326,3
1011365,3
1011391,3
10114,3
1011402,3
1011409,3
1011487,3
1011527,3
1011565,3
1011567,3
1011651,3
1011699,3
101182,3
1011867,3
1011880,3
1011961,3
1011992,3
1012048,3
1012191,3
1012284,3
1012420,3
101245,3
1012459,3
1012498,3
1012638,3
1012664,3
1012667,3
1012670,3
1012693,3
1012736,3
1012793,3
1012795,3
1012804,3
1012925,3
1012945,3
1013023,3
1013133,3
1013169,3
1013265,3
1013291,3
1013311,3
1013336,3
1013359,3
1013497,3
1013531,3
1013691,3
1013706,3
1013742,3
1013787,3
1013830,3
1013893,3
1013911,3
101392,3
101394,3
1013961,3
1013980,3
1014045,3
1014059,3
1014064,3
1014108,3
101417,3
1014245,3
1014286,3
1014291,3
1014313,3
1014358,3
1014431,3
1014436,3
1014605,3
1014633,3
1014637,3
1014715,3
101473,3
1014736,3
1014782,3
1014817,3
1014880,3
1014935,3
1014939,3
1014989,3
1015060,3
1015117,3
1015186,3
1015193,3
1015228,3
1015234,3
1015237,3
1015253,3
101527,3
1015360,3
1015460,3
1015469,3
1015551,3
1015554,3
101556,3
1015573,3
1015645,3
1015656,3
1015702,3
1015706,3
1015742,3
1015763,3
1015809,3
1015814,3
1015831,3
1015852,3
1015888,3
1015903,3
1015966,3
1015982,3
1016020,3
1016137,3
1016185,3
1016201,3
1016203,3
1016237,3
1016247,3
1016277,3
1016299,3
101640,3
1016415,3
1016424,3
1016430,3
1016554,3
1016651,3
1016700,3
1016710,3
1016711,3
1016803,3
10169,3
1016939,3
1017001,3
1017005,3
1017023,3
1017032,3
1017035,3
1017085,3
1017110,3
1017141,3
1017143,3
1017170,3
1017209,3
1017269,3
1017284,3
1017318,3
1017378,3
1017432,3
1017515,3
1017546,3
1017579,3
1017580,3
1017598,3
1017619,3
1017621,3
1017633,3
1017678,3
1017734,3
1017850,3
10179,3
1017960,3
101797,3
101817,3
101838,3
101904,3
101907,3
101929,3
101954,3
102069,3
102111,3
10218,3
10230,3
102319,3
102359,3
102391,3
102397,3
102398,3
102409,3
102417,3
102434,3
102481,3
102487,3
102495,3
102496,3
102546,3
102569,3
102596,3
102604,3
10263,3
102664,3
102686,3
102697,3
102702,3
102731,3
102784,3
102867,3
102876,3
102903,3
10297,3
10299,3
103054,3
103079,3
103084,3
103139,3
103147,3
103178,3
10321,3
103229,3
103260,3
103312,3
103373,3
103379,3
103446,3
103448,3
103458,3
103463,3
103469,3
103540,3
103634,3
103712,3
103775,3
103810,3
103846,3
10388,3
103884,3
103965,3
104013,3
104065,3
104066,3
104174,3
104191,3
104241,3
104249,3
104346,3
104356,3
104368,3
104391,3
104398,3
104450,3
104593,3
104675,3
104695,3
104701,3
104719,3
104820,3
104829,3
104933,3
104935,3
104958,3
105029,3
10512,3
105140,3
105144,3
10515,3
105171,3
105341,3
105465,3
105488,3
10552,3
105521,3
105530,3
105536,3
105550,3
105620,3
105675,3
105698,3
105713,3
105757,3
105775,3
105796,3
105797,3
105899,3
106007,3
106077,3
106087,3
106107,3
106147,3
106213,3
106216,3
106267,3
106364,3
106468,3
106549,3
106573,3
106640,3
106703,3
106789,3
106836,3
106925,3
107104,3
107112,3
107168,3
107188,3
1072,3
107205,3
107239,3
107333,3
107345,3
107346,3
107393,3
107407,3
107416,3
107445,3
107447,3
107472,3
107628,3
10769,3
107699,3
107748,3
10779,3
107797,3
107817,3
107866,3
107916,3
107917,3
107935,3
108045,3
108073,3
108077,3
10808,3
108092,3
108108,3
108149,3
108154,3
108161,3
108185,3
108265,3
108270,3
108288,3
1083,3
108390,3
108428,3
10849,3
108526,3
108529,3
108607,3
108623,3
108629,3
108635,3
108666,3
108710,3
108775,3
108800,3
108878,3
10888,3
108988,3
109038,3
109092,3
109098,3
109109,3
109117,3
109216,3
109218,3
109333,3
109357,3
109377,3
109401,3
109529,3
109589,3
10960,3
109623,3
109732,3
109860,3
109900,3
109948,3
109976,3
109983,3
110041,3
110058,3
110091,3
110092,3
110195,3
110196,3
110425,3
110431,3
110520,3
110536,3
110549,3
110552,3
110588,3
110597,3
110598,3
110633,3
110707,3
110725,3
110741,3
110776,3
110815,3
110862,3
110878,3
110898,3
110924,3
110934,3
11096,3
11097,3
110976,3
111213,3
111262,3
111306,3
111349,3
111459,3
111502,3
111512,3
111548,3
111551,3
111572,3
111607,3
111616,3
111692,3
111770,3
11179,3
111811,3
111820,3
111858,3
111867,3
111890,3
111908,3
111910,3
1120,3
112087,3
112160,3
112208,3
112215,3
112274,3
112296,3
112457,3
112471,3
112526,3
11253,3
11255,3
112555,3
112558,3
112566,3
112571,3
112573,3
112587,3
112654,3
112713,3
112768,3
112802,3
112829,3
112844,3
112864,3
112890,3
112981,3
113034,3
113069,3
113080,3
113118,3
113143,3
113255,3
113256,3
11327,3
113334,3
113360,3
11345,3
113690,3
113722,3
113904,3
113938,3
113956,3
113984,3
114010,3
114035,3
114036,3
114105,3
114160,3
114189,3
114197,3
114219,3
114278,3
114394,3
11440,3
114521,3
114565,3
11465,3
114664,3
114743,3
114744,3
114864,3
114873,3
114900,3
114912,3
115039,3
11507,3
115108,3
115197,3
115220,3
115224,3
115238,3
115242,3
115247,3
115250,3
115440,3
115443,3
115563,3
115618,3
115762,3
115774,3
115797,3
115966,3
115972,3
115996,3
116018,3
11610,3
116135,3
116155,3
116269,3
116308,3
116316,3
116327,3
116342,3
116364,3
116430,3
116459,3
116607,3
11666,3
116767,3
116797,3
11682,3
116821,3
116833,3
116868,3
116885,3
116892,3
116901,3
117006,3
117038,3
117041,3
117092,3
117154,3
117171,3
117255,3
117399,3
117450,3
117453,3
117459,3
11763,3
11774,3
117761,3
117782,3
117886,3
117893,3
117902,3
117941,3
117965,3
117972,3
118183,3
118231,3
118321,3
118477,3
118581,3
118782,3
118796,3
118924,3
118933,3
118965,3
119,3
119004,3
119022,3
119147,3
119408,3
119498,3
119534,3
119552,3
119633,3
119690,3
119720,3
11975,3
119883,3
119915,3
119944,3
119961,3
119974,3
120129,3
120150,3
120305,3
12037,3
120396,3
120422,3
120426,3
120471,3
12050,3
120514,3
120534,3
120575,3
120604,3
120627,3
120641,3
120711,3
120745,3
120774,3
120851,3
120922,3
120939,3
120943,3
120977,3
120988,3
12099,3
121024,3
12105,3
121066,3
121085,3
12112,3
121198,3
12133,3
121330,3
121423,3
121425,3
12146,3
121479,3
121507,3
121530,3
121551,3
121601,3
121637,3
121669,3
12169,3
121773,3
121777,3
121824,3
121853,3
121881,3
121974,3
121975,3
122,3
122046,3
122162,3
122265,3
122292,3
122308,3
122311,3
122333,3
122397,3
122501,3
122503,3
122634,3
12265,3
122664,3
122691,3
12274,3
122864,3
122874,3
122896,3
122910,3
122981,3
123020,3
123028,3
123102,3
123156,3
123246,3
123256,3
123312,3
123316,3
12333,3
123433,3
123493,3
123525,3
123530,3
123635,3
123771,3
12378,3
123780,3
123793,3
123803,3
123809,3
12384,3
123866,3
123887,3
123897,3
123971,3
123992,3
124065,3
124069,3
12407,3
124093,3
124152,3
12420,3
124252,3
124260,3
124372,3
124397,3
124440,3
124505,3
124516,3
12465,3
124660,3
124674,3
124744,3
124916,3
124925,3
124927,3
125023,3
125035,3
125038,3
125040,3
125109,3
125164,3
125210,3
125216,3
125254,3
125559,3
125623,3
12574,3
125802,3
125823,3
125838,3
125903,3
125946,3
125987,3
126015,3
126128,3
12615,3
126150,3
126168,3
126174,3
126186,3
126196,3
12629,3
126332,3
126336,3
126365,3
126438,3
126544,3
126603,3
126651,3
126668,3
126704,3
126733,3
126745,3
126754,3
126758,3
126787,3
126923,3
126969,3
12699,3
127014,3
127085,3
127135,3
127141,3
127208,3
127260,3
127268,3
127282,3
127364,3
127407,3
127433,3
127450,3
127501,3
127522,3
127532,3
127543,3
127554,3
127556,3
127611,3
127624,3
127628,3
127743,3
127818,3
127820,3
12788,3
127906,3
127944,3
127969,3
128031,3
128067,3
128077,3
12808,3
1281,3
128196,3
128362,3
128393,3
128408,3
128472,3
128524,3
128528,3
128572,3
128611,3
128613,3
12872,3
128793,3
128829,3
128926,3
128942,3
128964,3
128971,3
128992,3
128995,3
129005,3
129038,3
129131,3
129134,3
129195,3
129300,3
129313,3
129375,3
129379,3
129441,3
129497,3
129498,3
129520,3
129568,3
129579,3
12964,3
129648,3
129678,3
129696,3
129730,3
129769,3
129878,3
129992,3
130002,3
130051,3
130106,3
130190,3
130204,3
130213,3
130219,3
130227,3
130243,3
130316,3
13035,3
13049,3
130497,3
130511,3
130515,3
130565,3
13063,3
130708,3
130719,3
130729,3
1000011,2
1000027,2
100009,2
1000139,2
1000165,2
1000274,2
1000291,2
1000317,2
1000490,2
1000519,2
1000538,2
1000573,2
1000588,2
1000590,2
1000703,2
1000749,2
100075,2
1000811,2
1000865,2
100088,2
1000896,2
1000916,2
1000936,2
1001005,2
1001017,2
1001024,2
1001088,2
1001092,2
1001104,2
1001138,2
1001185,2
1001201,2
1001230,2
1001270,2
100128,2
1001352,2
1001381,2
1001404,2
100141,2
1001421,2
1001441,2
1001531,2
1001562,2
1001569,2
1001578,2
1001601,2
1001626,2
1001641,2
1001654,2
1001667,2
1001673,2
1001700,2
1001757,2
1001784,2
1001803,2
1001844,2
1001850,2
1001870,2
1001872,2
1001876,2
1001879,2
1001891,2
1001902,2
1001908,2
1001952,2
100197,2
1001982,2
1002127,2
1002128,2
1002172,2
1002180,2
1002213,2
1002218,2
100225,2
1002254,2
1002257,2
1002311,2
1002316,2
1002350,2
100243,2
1002460,2
100249,2
1002564,2
1002574,2
1002597,2
100261,2
100264,2
1002684,2
1002696,2
1002725,2
1002756,2
1002831,2
1002862,2
100292,2
1002931,2
1002943,2
1002992,2
1003047,2
1003063,2
100307,2
1003110,2
1003152,2
1003157,2
1003171,2
1003176,2
100318,2
1003184,2
100324,2
1003296,2
1003329,2
1003397,2
1003410,2
1003440,2
1003479,2
1003492,2
1003514,2
1003550,2
1003553,2
100357,2
1003571,2
1003584,2
1003627,2
100363,2
100370,2
1003703,2
1003766,2
1003782,2
1003821,2
1003846,2
1003867,2
1003938,2
100395,2
1003965,2
1003979,2
1003988,2
1003998,2
100401,2
1004019,2
1004032,2
1004082,2
1004087,2
1004161,2
1004183,2
1004196,2
1004274,2
1004296,2
1004298,2
1004350,2
1004368,2
1004378,2
1004396,2
10044,2
1004403,2
1004405,2
1004410,2
1004413,2
1004444,2
1004446,2
1004454,2
1004466,2
1004516,2
1004533,2
1004555,2
1004565,2
1004659,2
1004701,2
1004737,2
1004743,2
1004751,2
1004810,2
1004829,2
1004834,2
1004841,2
1004862,2
1004929,2
100493,2
1004936,2
1004973,2
1004974,2
1004993,2
1005016,2
1005077,2
1005082,2
1005103,2
1005134,2
1005179,2
1005186,2
1005188,2
1005215,2
1005218,2
1005283,2
100531,2
1005311,2
1005313,2
1005366,2
1005401,2
1005430,2
1005501,2
1005505,2
1005541,2
1005545,2
1005548,2
1005585,2
100561,2
100567,2
1005681,2
1005701,2
1005705,2
1005738,2
1005771,2
1005779,2
1005785,2
1005787,2
1005822,2
1005834,2
1005864,2
1005910,2
1005945,2
100595,2
1005982,2
1005996,2
1006015,2
1006040,2
100614,2
100615,2
1006255,2
1006306,2
1006392,2
1006403,2
1006407,2
1006411,2
1006422,2
1006538,2
1006566,2
1006660,2
1006698,2
1006736,2
1006754,2
1006767,2
1006768,2
1006777,2
1006823,2
100688,2
1006939,2
1006940,2
1006992,2
100700,2
1007017,2
1007031,2
1007037,2
1007046,2
1007058,2
1007088,2
1007192,2
1007201,2
1007317,2
1007339,2
100734,2
1007353,2
1007388,2
1007393,2
1007396,2
1007401,2
1007441,2
1007445,2
1007452,2
10075,2
1007503,2
1007511,2
1007539,2
1007583,2
1007597,2
100762,2
1007671,2
1007688,2
100772,2
1007739,2
1007778,2
1007791,2
1007851,2
1007879,2
1007884,2
1007906,2
100794,2
1007944,2
1008107,2
100814,2
1008148,2
1008152,2
1008162,2
1008184,2
1008215,2
1008217,2
100822,2
1008287,2
1008366,2
1008427,2
1008429,2
100847,2
1008481,2
1008485,2
1008500,2
1008502,2
100856,2
1008586,2
10086,2
1008612,2
1008661,2
1008665,2
1008685,2
1008726,2
1008729,2
1008733,2
1008748,2
1008764,2
1008849,2
1008860,2
1008879,2
1008882,2
100891,2
1008933,2
1008934,2
1008985,2
1009021,2
1009104,2
1009135,2
1009233,2
1009237,2
1009283,2
1009291,2
1009352,2
1009385,2
1009396,2
1009402,2
1009407,2
1009441,2
1009457,2
1009469,2
1009472,2
1009508,2
1009533,2
1009542,2
1009551,2
1009575,2
1009619,2
1009623,2
1009657,2
1009684,2
1009719,2
1009741,2
1009765,2
1009803,2
1009825,2
1009832,2
1009869,2
1009888,2
100992,2
1009932,2
1009933,2
1009938,2
1009940,2
1009948,2
1010001,2
1010016,2
1010017,2
1010043,2
1010047,2
1010121,2
1010173,2
1010189,2
1010198,2
1010205,2
101021,2
1010211,2
1010215,2
1010238,2
101024,2
101033,2
1010343,2
1010373,2
1010391,2
1010418,2
1010427,2
1010433,2
1010519,2
1010533,2
1010534,2
1010539,2
1010566,2
1010568,2
1010572,2
1010583,2
1010590,2
101063,2
1010630,2
1010655,2
1010690,2
1010706,2
1010736,2
1010754,2
1010780,2
1010783,2
1011004,2
1011036,2
101104,2
1011079,2
1011086,2
10111,2
1011108,2
1011118,2
101112,2
1011128,2
101114,2
1011266,2
1011332,2
1011361,2
1011387,2
1011400,2
1011419,2
1011420,2
1011631,2
1011647,2
101165,2
1011697,2
1011749,2
1011752,2
1011760,2
1011789,2
1011802,2
1011816,2
1011839,2
1011886,2
101189,2
101190,2
1011919,2
1012017,2
1012031,2
101204,2
1012060,2
1012062,2
1012070,2
1012086,2
1012104,2
1012125,2
1012252,2
1012257,2
1012287,2
1012296,2
101230,2
101231,2
1012344,2
1012380,2
1012516,2
1012524,2
1012535,2
1012536,2
1012550,2
1012579,2
101260,2
1012611,2
1012639,2
1012651,2
1012677,2
1012731,2
1012774,2
1012784,2
1012808,2
1012819,2
1012826,2
1012830,2
1012904,2
1012919,2
1012927,2
1012950,2
1012967,2
1012985,2
1012989,2
101300,2
1013015,2
1013027,2
1013030,2
1013063,2
1013131,2
1013136,2
1013232,2
1013238,2
1013240,2
1013305,2
1013323,2
101335,2
1013365,2
1013370,2
1013376,2
101339,2
1013396,2
101343,2
1013445,2
1013492,2
1013494,2
1013526,2
1013563,2
1013574,2
1013579,2
1013581,2
1013582,2
1013585,2
1013600,2
1013606,2
1013652,2
1013655,2
1013678,2
1013687,2
1013702,2
1013711,2
1013775,2
1013785,2
1013822,2
1013829,2
1013875,2
101391,2
1013942,2
1013967,2
1014032,2
1014046,2
1014114,2
1014150,2
1014152,2
1014156,2
1014180,2
1014192,2
1014207,2
101422,2
1014275,2
1014279,2
101433,2
1014344,2
1014352,2
1014357,2
1014449,2
1014458,2
1014467,2
1014519,2
101457,2
1014597,2
10146,2
1014629,2
1014642,2
1014647,2
1014679,2
1014695,2
1014696,2
1014704,2
1014708,2
101474,2
1014758,2
1014778,2
1014838,2
1014858,2
1014896,2
1014909,2
1014912,2
1015007,2
101502,2
1015027,2
1015031,2
1015045,2
1015047,2
1015075,2
1015090,2
1015103,2
1015115,2
1015272,2
1015283,2
1015357,2
1015394,2
1015403,2
1015408,2
1015430,2
1015458,2
1015472,2
1015539,2
1015568,2
1015574,2
1015582,2
1015592,2
1015600,2
1015602,2
1015621,2
1015693,2
1015719,2
1015745,2
1015811,2
1015856,2
1015870,2
1015875,2
101589,2
1015910,2
1015962,2
101606,2
1016078,2
1016083,2
1016093,2
1016219,2
1016289,2
1016302,2
1016318,2
1016342,2
1016384,2
1016385,2
1016393,2
1016394,2
1016457,2
1016472,2
1016474,2
1016479,2
1016481,2
1016502,2
1016512,2
101653,2
1016542,2
1016559,2
1016562,2
1016576,2
1016605,2
1016659,2
1016670,2
1016689,2
1016696,2
101673,2
1016732,2
1016759,2
1016783,2
1016784,2
1016799,2
1016808,2
1016810,2
1016832,2
1016924,2
1016928,2
1016950,2
1016965,2
1016990,2
1017034,2
1017130,2
1017135,2
1017234,2
1017277,2
1017304,2
1017353,2
1017355,2
1017364,2
101738,2
1017526,2
1017557,2
1017574,2
1017575,2
1017582,2
1017585,2
1017612,2
1017613,2
1017615,2
1017679,2
1017696,2
1017730,2
1017773,2
1017780,2
1017839,2
1017927,2
1017958,2
1017997,2
101896,2
101982,2
10199,2
102124,2
102126,2
102236,2
102248,2
10226,2
102294,2
102307,2
102315,2
102318,2
102325,2
10240,2
102424,2
102509,2
102519,2
102523,2
10257,2
102605,2
102715,2
102748,2
102750,2
102768,2
102873,2
102882,2
102885,2
102930,2
10296,2
102981,2
102986,2
103001,2
103005,2
10311,2
103121,2
103128,2
103151,2
103170,2
103272,2
103275,2
103317,2
103332,2
103402,2
103435,2
103480,2
103492,2
103530,2
103574,2
103623,2
103643,2
103680,2
103741,2
103756,2
103760,2
103803,2
103814,2
10386,2
103910,2
103912,2
103983,2
104042,2
104082,2
104103,2
104110,2
104111,2
104115,2
104130,2
104137,2
104165,2
104252,2
104307,2
104338,2
10435,2
104363,2
104406,2
104423,2
104432,2
104460,2
104490,2
104503,2
10458,2
104587,2
104638,2
10465,2
104742,2
104749,2
104782,2
10487,2
104906,2
104917,2
105000,2
105059,2
105060,2
105121,2
105160,2
105182,2
105193,2
105199,2
105207,2
105222,2
10526,2
105297,2
105367,2
105384,2
105413,2
105433,2
105475,2
105489,2
105542,2
105561,2
105567,2
105605,2
105673,2
105738,2
105744,2
105770,2
105884,2
105886,2
105920,2
105927,2
105949,2
105952,2
105983,2
105984,2
105992,2
106005,2
106024,2
106084,2
106090,2
106144,2
106194,2
106200,2
106255,2
106260,2
106276,2
10628,2
10629,2
10630,2
106363,2
106382,2
106413,2
106416,2
106488,2
106514,2
106525,2
106550,2
10656,2
106634,2
106655,2
10669,2
106701,2
106723,2
106742,2
10680,2
106800,2
106815,2
106818,2
106852,2
106854,2
106858,2
106860,2
106970,2
107011,2
107029,2
107046,2
107064,2
107125,2
107260,2
107268,2
107302,2
107353,2
107369,2
107398,2
107408,2
107427,2
10752,2
107586,2
107615,2
107670,2
107679,2
107693,2
107707,2
107726,2
107756,2
107800,2
107830,2
107902,2
107923,2
107937,2
107945,2
107990,2
108015,2
10806,2
108078,2
108090,2
10810,2
108103,2
108237,2
108274,2
108282,2
108294,2
108305,2
10836,2
108382,2
108388,2
108397,2
108425,2
108450,2
108452,2
108484,2
10851,2
108541,2
108546,2
108594,2
108630,2
108651,2
108669,2
108672,2
108703,2
108799,2
108803,2
108825,2
108842,2
108845,2
108882,2
108910,2
108918,2
108982,2
109022,2
109047,2
10905,2
109065,2
109083,2
109147,2
109210,2
10923,2
109270,2
109275,2
109276,2
109295,2
109350,2
109407,2
109416,2
109421,2
109496,2
109523,2
109606,2
10969,2
109756,2
109776,2
109782,2
109786,2
109808,2
109830,2
109867,2
109873,2
109908,2
109911,2
109945,2
109951,2
109968,2
109974,2
109990,2
110023,2
110032,2
110036,2
110125,2
110173,2
110193,2
110219,2
110247,2
110328,2
110373,2
110381,2
110387,2
110392,2
110434,2
110499,2
110505,2
110531,2
110541,2
110557,2
11058,2
110635,2
110686,2
110720,2
110818,2
110948,2
111001,2
111004,2
111041,2
111063,2
111068,2
111097,2
111124,2
111167,2
111196,2
111200,2
111268,2
111276,2
111342,2
111442,2
111482,2
111501,2
111556,2
11158,2
111636,2
111643,2
111647,2
111711,2
111727,2
111755,2
111848,2
111860,2
11189,2
111891,2
111894,2
111933,2
111941,2
111951,2
111976,2
111978,2
11202,2
112040,2
112117,2
112166,2
11222,2
112238,2
112244,2
112253,2
112351,2
112360,2
112393,2
112401,2
112447,2
112448,2
112450,2
112614,2
112621,2
112630,2
112676,2
112691,2
112735,2
112799,2
112804,2
11283,2
112832,2
112899,2
112910,2
112914,2
112920,2
113023,2
113027,2
113046,2
113059,2
11313,2
113194,2
113198,2
113297,2
1133,2
113401,2
11341,2
11343,2
11344,2
113551,2
113556,2
113564,2
113572,2
113593,2
113625,2
113640,2
113710,2
113717,2
113732,2
113749,2
11377,2
113848,2
113900,2
113906,2
11395,2
113986,2
114031,2
114046,2
114132,2
114172,2
114220,2
114232,2
114252,2
114280,2
114283,2
114295,2
114309,2
114365,2
114367,2
1144,2
114415,2
114438,2
114454,2
114457,2
114523,2
114524,2
114536,2
114571,2
114576,2
114669,2
114749,2
114752,2
114754,2
114798,2
114848,2
114861,2
114892,2
114917,2
114927,2
11497,2
11501,2
115012,2
11503,2
11509,2
115106,2
115127,2
11517,2
11524,2
115259,2
115281,2
115297,2
115326,2
115333,2
115344,2
115360,2
115415,2
115424,2
115442,2
115453,2
115536,2
115543,2
115596,2
115651,2
115685,2
115686,2
1158,2
115822,2
115866,2
115874,2
11588,2
115880,2
115919,2
11594,2
115950,2
115967,2
11601,2
116026,2
116066,2
11611,2
116143,2
116163,2
116167,2
116201,2
116229,2
11625,2
116286,2
116287,2
116290,2
116328,2
116343,2
116345,2
116363,2
116531,2
116554,2
116584,2
116588,2
116617,2
116666,2
116693,2
116697,2
116722,2
116738,2
116760,2
116796,2
116812,2
116842,2
116843,2
116902,2
116911,2
116963,2
117009,2
117016,2
117085,2
117100,2
117117,2
117128,2
117162,2
117163,2
117176,2
117206,2
117231,2
117246,2
117272,2
117278,2
117315,2
117336,2
117343,2
117356,2
117367,2
117384,2
11740,2
117404,2
117452,2
117472,2
117474,2
117476,2
117534,2
117560,2
117652,2
117671,2
11770,2
117733,2
117738,2
117798,2
117883,2
117888,2
117895,2
117916,2
11792,2
117987,2
11800,2
118006,2
118040,2
118074,2
118112,2
118149,2
1182,2
118200,2
118217,2
118242,2
118265,2
118306,2
118328,2
118336,2
11835,2
118379,2
118459,2
118469,2
118538,2
118566,2
118587,2
118604,2
118610,2
118611,2
118652,2
118681,2
118693,2
118705,2
118742,2
118750,2
118751,2
118859,2
118870,2
1189,2
118938,2
118944,2
119032,2
119099,2
119167,2
119168,2
119261,2
119270,2
119316,2
119318,2
119403,2
119405,2
119428,2
119457,2
119481,2
11950,2
119508,2
119543,2
119562,2
119610,2
119638,2
119654,2
11970,2
119735,2
119767,2
119820,2
119831,2
119970,2
119991,2
120036,2
12004,2
120052,2
120093,2
120114,2
120201,2
12026,2
120295,2
120304,2
120336,2
120338,2
120344,2
120425,2
120444,2
120452,2
120456,2
120504,2
120518,2
120524,2
120630,2
12064,2
120674,2
120675,2
12068,2
120713,2
120760,2
120771,2
12078,2
120785,2
120823,2
120830,2
120862,2
12087,2
120880,2
120910,2
120938,2
120968,2
121006,2
121018,2
121069,2
12110,2
121102,2
121111,2
121129,2
121131,2
121133,2
121137,2
12117,2
121172,2
121194,2
121206,2
121217,2
121223,2
121322,2
121373,2
121377,2
121393,2
121434,2
121440,2
121445,2
121605,2
121711,2
121798,2
121808,2
121810,2
121820,2
121843,2
121955,2
121996,2
122004,2
122005,2
122033,2
122091,2
122172,2
12230,2
122309,2
122323,2
122338,2
122373,2
122395,2
122433,2
122485,2
122492,2
122512,2
122523,2
122657,2
122670,2
122689,2
122735,2
122774,2
122784,2
122801,2
122824,2
122855,2
122860,2
122862,2
122869,2
122893,2
122926,2
122929,2
122939,2
12295,2
122976,2
122993,2
123003,2
123014,2
123035,2
123036,2
123063,2
123076,2
12308,2
123081,2
123108,2
123134,2
123172,2
123209,2
123213,2
123272,2
123302,2
123313,2
123325,2
123340,2
123350,2
123388,2
123403,2
12350,2
123505,2
123519,2
123521,2
123522,2
12356,2
123579,2
123584,2
123632,2
123669,2
123706,2
12373,2
123748,2
12375,2
123756,2
123888,2
12389,2
123905,2
123921,2
123933,2
123938,2
123942,2
123966,2
123968,2
123978,2
124010,2
12403,2
124046,2
124061,2
124072,2
124101,2
124171,2
124180,2
124236,2
12432,2
124354,2
124357,2
124432,2
124442,2
124458,2
124466,2
124470,2
124481,2
12455,2
124590,2
1246,2
124622,2
12464,2
12466,2
124672,2
124677,2
124762,2
124787,2
124809,2
124815,2
12482,2
124862,2
124879,2
124935,2
12494,2
124942,2
124976,2
124988,2
125008,2
125052,2
125082,2
125086,2
125176,2
125183,2
125192,2
125217,2
12524,2
1253,2
125301,2
125319,2
125457,2
12548,2
125552,2
125555,2
125568,2
125575,2
125621,2
12566,2
12568,2
12569,2
125693,2
125740,2
125759,2
12576,2
12578,2
125792,2
125795,2
125818,2
125837,2
125887,2
125924,2
125945,2
125966,2
126021,2
126024,2
126027,2
126051,2
126062,2
126151,2
126236,2
126238,2
126327,2
126376,2
126413,2
126422,2
126428,2
126470,2
126515,2
126526,2
126533,2
126569,2
126583,2
126605,2
126631,2
126725,2
126740,2
126749,2
126768,2
126775,2
126790,2
126944,2
126955,2
126965,2
126972,2
127030,2
127055,2
12707,2
127075,2
127080,2
127194,2
127206,2
127210,2
127306,2
127367,2
1274,2
127415,2
127435,2
12747,2
127496,2
127500,2
127548,2
127564,2
127582,2
127615,2
12763,2
127647,2
127657,2
127674,2
127677,2
127687,2
127699,2
127726,2
127774,2
127821,2
127856,2
127858,2
127876,2
127938,2
127953,2
128035,2
128045,2
128092,2
128108,2
128120,2
128135,2
128162,2
128230,2
128265,2
12830,2
128325,2
128329,2
128332,2
128338,2
128392,2
128434,2
128447,2
12851,2
128512,2
128516,2
128525,2
128527,2
128529,2
128553,2
128557,2
128573,2
128591,2
128673,2
128704,2
128754,2
128755,2
128778,2
1288,2
128827,2
128887,2
128910,2
128945,2
128962,2
128991,2
129001,2
129017,2
129023,2
129032,2
129045,2
129065,2
129113,2
129138,2
129144,2
129271,2
129290,2
129302,2
12935,2
129367,2
129392,2
129510,2
129511,2
129586,2
129647,2
129655,2
129668,2
12967,2
129690,2
129693,2
129714,2
129723,2
129739,2
129744,2
129786,2
129823,2
129843,2
129847,2
129908,2
12991,2
129945,2
129949,2
129983,2
129984,2
130035,2
13008,2
130123,2
130153,2
13017,2
130181,2
130191,2
13023,2
130254,2
130286,2
130335,2
130352,2
130353,2
130387,2
130466,2
130501,2
130558,2
130559,2
130562,2
130567,2
130626,2
130667,2
1000001,1
100002,1
1000060,1
1000070,1
1000135,1
1000154,1
1000169,1
1000186,1
1000194,1
1000204,1
1000236,1
1000282,1
1000283,1
1000296,1
1000319,1
1000328,1
1000332,1
1000364,1
1000420,1
1000455,1
1000485,1
1000497,1
1000504,1
1000539,1
1000541,1
100059,1
1000647,1
1000650,1
1000686,1
1000688,1
1000722,1
1000727,1
1000732,1
1000738,1
1000751,1
1000772,1
1000803,1
1000810,1
1000840,1
1000857,1
1000866,1
1000867,1
1000919,1
1000922,1
1000923,1
100095,1
1000959,1
1000964,1
1000984,1
1001018,1
100103,1
1001048,1
100109,1
1001108,1
1001121,1
1001148,1
1001154,1
1001228,1
1001265,1
1001301,1
1001313,1
1001327,1
1001346,1
1001360,1
1001438,1
1001460,1
1001482,1
1001489,1
1001492,1
1001512,1
1001521,1
1001524,1
1001534,1
1001543,1
1001551,1
1001557,1
1001591,1
1001606,1
1001608,1
1001618,1
1001628,1
100164,1
1001686,1
1001688,1
1001689,1
1001697,1
1001744,1
1001771,1
1001800,1
1001809,1
1001823,1
100184,1
1001882,1
1001903,1
1001912,1
1001946,1
1001947,1
1001981,1
1001985,1
10020,1
1002005,1
1002010,1
1002044,1
1002058,1
10021,1
1002147,1
1002183,1
1002200,1
1002260,1
100227,1
1002291,1
1002306,1
1002315,1
1002328,1
1002339,1
1002375,1
1002421,1
1002426,1
1002453,1
1002478,1
1002479,1
1002484,1
1002494,1
1002508,1
1002512,1
1002542,1
1002547,1
100259,1
1002591,1
1002593,1
1002642,1
1002661,1
1002766,1
1002767,1
100277,1
1002771,1
1002793,1
100284,1
1002846,1
100285,1
1002890,1
1002975,1
1002980,1
1002996,1
1003052,1
1003057,1
1003071,1
1003073,1
100308,1
1003093,1
1003122,1
1003123,1
1003124,1
100313,1
1003190,1
1003199,1
1003221,1
1003226,1
1003227,1
1003230,1
1003250,1
1003274,1
1003281,1
1003283,1
1003292,1
1003293,1
1003298,1
1003306,1
1003326,1
1003348,1
1003359,1
100339,1
1003432,1
1003457,1
100346,1
1003463,1
1003467,1
1003475,1
1003499,1
1003512,1
1003598,1
1003612,1
1003629,1
1003685,1
1003693,1
1003725,1
1003733,1
1003743,1
1003748,1
1003756,1
1003757,1
1003761,1
1003792,1
1003807,1
1003855,1
1003863,1
1003866,1
1003875,1
1003887,1
1003893,1
1003894,1
1003912,1
1003914,1
1003947,1
1003961,1
1003991,1
1003993,1
1004001,1
1004002,1
1004020,1
1004026,1
1004073,1
1004115,1
1004118,1
1004140,1
1004146,1
1004201,1
1004207,1
1004246,1
1004277,1
100428,1
1004282,1
1004289,1
1004302,1
1004303,1
1004319,1
1004353,1
1004354,1
1004362,1
100440,1
1004426,1
1004427,1
1004441,1
1004443,1
1004467,1
1004474,1
1004497,1
10045,1
100453,1
1004562,1
1004570,1
1004580,1
1004599,1
1004604,1
1004608,1
1004611,1
1004684,1
1004775,1
1004778,1
1004800,1
1004842,1
1004886,1
10049,1
1004944,1
1004960,1
100501,1
1005022,1
1005035,1
1005070,1
1005085,1
1005115,1
1005117,1
1005129,1
1005131,1
1005135,1
1005196,1
1005249,1
1005256,1
1005257,1
1005268,1
10053,1
1005304,1
1005314,1
1005319,1
1005329,1
1005346,1
1005383,1
1005412,1
1005413,1
1005431,1
1005442,1
1005444,1
1005459,1
1005468,1
1005472,1
1005473,1
1005487,1
1005490,1
1005507,1
1005522,1
1005524,1
1005627,1
1005659,1
1005693,1
1005694,1
1005706,1
1005744,1
1005766,1
1005767,1
1005775,1
1005788,1
1005837,1
1005880,1
1005939,1
1005981,1
1006002,1
1006021,1
1006028,1
1006063,1
1006079,1
1006084,1
1006102,1
1006121,1
1006178,1
1006236,1
1006260,1
1006261,1
1006288,1
1006309,1
1006317,1
1006336,1
1006351,1
1006394,1
1006398,1
100641,1
1006439,1
1006470,1
1006480,1
1006481,1
1006495,1
1006498,1
1006543,1
1006563,1
1006585,1
1006590,1
1006593,1
1006618,1
1006634,1
100664,1
1006647,1
1006652,1
1006670,1
1006678,1
1006704,1
1006784,1
1006817,1
1006850,1
1006870,1
1006917,1
1006925,1
1006943,1
1006977,1
1006984,1
1007006,1
100702,1
1007028,1
1007057,1
1007077,1
1007094,1
100712,1
100719,1
1007200,1
1007202,1
1007217,1
1007221,1
1007222,1
1007246,1
1007250,1
1007260,1
1007274,1
1007275,1
1007280,1
1007313,1
1007314,1
1007323,1
1007334,1
1007371,1
1007486,1
1007495,1
1007506,1
1007550,1
1007573,1
1007609,1
1007617,1
1007624,1
1007635,1
1007642,1
1007644,1
1007659,1
1007665,1
1007680,1
1007691,1
1007699,1
1007712,1
1007724,1
1007753,1
1007779,1
10078,1
1007808,1
100781,1
1007819,1
1007833,1
1007843,1
1007860,1
1007890,1
1007894,1
1007928,1
1007957,1
100800,1
1008008,1
1008010,1
1008037,1
1008042,1
1008044,1
1008055,1
1008078,1
1008102,1
1008120,1
100815,1
1008151,1
100816,1
1008231,1
1008253,1
1008255,1
1008257,1
1008258,1
1008302,1
1008323,1
1008349,1
1008376,1
1008382,1
1008387,1
1008392,1
1008401,1
1008411,1
1008415,1
1008418,1
1008489,1
1008531,1
1008590,1
1008615,1
100865,1
1008652,1
1008674,1
1008684,1
1008711,1
1008737,1
1008744,1
1008749,1
1008757,1
100877,1
1008777,1
1008791,1
1008793,1
1008829,1
1008832,1
1008846,1
1008868,1
1008899,1
1008905,1
1008909,1
100893,1
1008938,1
1008956,1
1008963,1
1009003,1
100901,1
1009011,1
1009023,1
1009050,1
1009073,1
1009107,1
1009123,1
1009141,1
1009165,1
10092,1
1009217,1
1009243,1
1009254,1
100927,1
1009322,1
1009328,1
100933,1
1009384,1
1009415,1
1009418,1
1009420,1
1009424,1
1009440,1
1009465,1
1009553,1
1009558,1
10096,1
1009626,1
1009630,1
1009645,1
1009687,1
100970,1
1009724,1
1009748,1
1009776,1
1009853,1
1009860,1
1009947,1
1009949,1
1009950,1
1009982,1
1010050,1
1010088,1
101013,1
1010133,1
1010149,1
1010155,1
1010177,1
1010199,1
1010204,1
1010210,1
1010214,1
1010231,1
1010254,1
1010263,1
1010306,1
1010311,1
1010325,1
1010330,1
1010376,1
1010439,1
1010455,1
1010456,1
1010480,1
1010508,1
1010515,1
1010536,1
1010537,1
101056,1
1010564,1
101058,1
1010593,1
1010599,1
1010608,1
1010611,1
1010612,1
1010641,1
1010658,1
1010694,1
1010697,1
1010713,1
1010765,1
1010817,1
1010836,1
101084,1
1010874,1
1010912,1
1010995,1
101101,1
1011017,1
1011024,1
1011030,1
1011052,1
1011062,1
1011072,1
1011092,1
1011100,1
1011169,1
1011202,1
1011214,1
1011222,1
1011258,1
1011290,1
1011293,1
1011340,1
1011388,1
1011397,1
1011415,1
1011431,1
101144,1
1011490,1
101150,1
1011529,1
101157,1
1011574,1
1011624,1
1011633,1
1011648,1
1011656,1
1011669,1
1011676,1
1011681,1
1011685,1
1011698,1
1011703,1
1011730,1
1011758,1
1011773,1
1011826,1
1011828,1
1011841,1
1011868,1
1011891,1
1011892,1
1011911,1
1011921,1
1011923,1
1011981,1
1012012,1
1012028,1
1012033,1
1012050,1
1012082,1
101210,1
1012116,1
1012133,1
1012155,1
1012164,1
101217,1
1012198,1
1012208,1
1012222,1
1012237,1
1012299,1
1012313,1
1012352,1
1012403,1
1012445,1
1012467,1
1012472,1
1012474,1
1012478,1
1012489,1
1012512,1
1012528,1
1012541,1
1012553,1
1012578,1
1012597,1
1012621,1
1012626,1
1012647,1
1012665,1
1012673,1
101269,1
1012727,1
1012737,1
1012743,1
10128,1
1012849,1
1012883,1
1012894,1
1012896,1
1012911,1
1012915,1
1012947,1
101296,1
1013021,1
1013026,1
1013033,1
1013088,1
1013097,1
1013124,1
101313,1
1013150,1
1013160,1
1013162,1
1013171,1
1013180,1
1013183,1
101319,1
1013194,1
101320,1
101321,1
1013254,1
101326,1
1013276,1
1013277,1
1013313,1
1013355,1
1013362,1
1013366,1
101340,1
1013423,1
101345,1
1013456,1
10135,1
1013501,1
1013511,1
101352,1
1013559,1
1013611,1
1013615,1
1013619,1
1013635,1
1013649,1
1013712,1
1013754,1
1013773,1
1013774,1
1013835,1
1013844,1
1013877,1
1013898,1
10139,1
1013907,1
1013920,1
101393,1
1013934,1
1013938,1
1013955,1
1013991,1
101402,1
1014025,1
1014034,1
1014043,1
1014069,1
1014088,1
1014096,1
101413,1
1014153,1
1014171,1
1014176,1
101418,1
1014199,1
1014215,1
1014243,1
1014290,1
1014303,1
101431,1
1014326,1
1014332,1
101434,1
1014350,1
1014362,1
1014366,1
1014391,1
1014434,1
1014460,1
1014472,1
101448,1
1014508,1
1014517,1
1014570,1
1014609,1
1014614,1
1014617,1
1014626,1
1014667,1
1014688,1
1014742,1
1014755,1
1014786,1
1014805,1
1014870,1
101489,1
1014932,1
1014933,1
1014955,1
1014977,1
1014988,1
10150,1
1015014,1
1015032,1
1015076,1
1015126,1
1015143,1
101516,1
1015171,1
1015181,1
1015184,1
1015280,1
1015299,1
1015344,1
1015375,1
1015399,1
10154,1
1015449,1
1015502,1
1015531,1
1015571,1
1015588,1
10156,1
1015628,1
1015659,1
1015695,1
1015720,1
1015740,1
101575,1
1015770,1
1015779,1
1015780,1
1015784,1
1015787,1
1015840,1
1015907,1
1015974,1
1015981,1
1015986,1
101599,1
1016018,1
1016026,1
1016068,1
1016079,1
1016129,1
1016154,1
1016228,1
1016254,1
1016260,1
1016265,1
1016284,1
1016298,1
1016350,1
1016372,1
101638,1
1016418,1
1016421,1
1016451,1
1016501,1
1016503,1
1016560,1
1016568,1
1016572,1
1016579,1
1016606,1
101661,1
1016645,1
1016653,1
101666,1
1016717,1
1016721,1
1016731,1
1016733,1
101674,1
1016743,1
1016855,1
1016872,1
1016878,1
1016893,1
1016916,1
1016919,1
1016929,1
1016970,1
1016997,1
1017022,1
1017046,1
1017049,1
1017075,1
1017100,1
1017107,1
1017116,1
1017244,1
1017315,1
101733,1
1017362,1
1017368,1
1017417,1
1017427,1
1017453,1
1017463,1
1017469,1
1017484,1
1017506,1
1017508,1
1017511,1
1017522,1
1017525,1
1017562,1
1017610,1
101762,1
101767,1
1017674,1
1017723,1
1017725,1
1017772,1
1017806,1
1017814,1
1017877,1
1017890,1
1017894,1
1017904,1
1017910,1
1017918,1
1017965,1
1018011,1
101843,1
101861,1
101872,1
101909,1
101918,1
101947,1
101951,1
101953,1
101989,1
102004,1
102018,1
102030,1
10206,1
102083,1
102088,1
102101,1
102119,1
102120,1
102138,1
102159,1
102162,1
102169,1
102184,1
102189,1
102237,1
102246,1
102260,1
102286,1
102308,1
10234,1
102390,1
102410,1
102436,1
102450,1
10246,1
102508,1
102526,1
102534,1
102580,1
102609,1
102634,1
102642,1
102644,1
102647,1
102662,1
102666,1
102667,1
102690,1
102783,1
10279,1
102856,1
102879,1
102897,1
102928,1
102945,1
102954,1
102960,1
102971,1
102976,1
103004,1
103019,1
103023,1
103046,1
10306,1
103067,1
103091,1
103098,1
103112,1
103143,1
10315,1
103162,1
103164,1
103165,1
103169,1
103175,1
103207,1
103213,1
103259,1
103261,1
103277,1
10330,1
103305,1
103310,1
103313,1
103347,1
103367,1
103388,1
103390,1
103395,1
103414,1
103416,1
103425,1
10343,1
103454,1
103481,1
1035,1
103543,1
103582,1
103584,1
103611,1
103614,1
103628,1
103630,1
103636,1
103650,1
103651,1
10368,1
103683,1
103694,1
103702,1
103704,1
103709,1
10371,1
103716,1
103732,1
103733,1
103777,1
103807,1
103834,1
103856,1
103863,1
103914,1
103917,1
103923,1
103949,1
103957,1
103973,1
104005,1
104014,1
104047,1
104051,1
104127,1
104169,1
10422,1
104253,1
104267,1
104280,1
104293,1
104303,1
104325,1
104332,1
104366,1
104382,1
1044,1
104478,1
104486,1
104495,1
104498,1
104520,1
104521,1
104542,1
104597,1
104622,1
104623,1
10464,1
104640,1
104653,1
104667,1
104674,1
104690,1
104734,1
104765,1
104783,1
104807,1
104822,1
10485,1
104850,1
104864,1
104880,1
104889,1
104911,1
104915,1
104939,1
104965,1
104991,1
104997,1
105016,1
105043,1
105050,1
105081,1
105088,1
105128,1
10514,1
105145,1
105167,1
10517,1
105190,1
105198,1
105236,1
105237,1
10524,1
105242,1
105250,1
105254,1
10527,1
105279,1
10529,1
105307,1
105313,1
105323,1
105330,1
105369,1
105386,1
105392,1
10542,1
105425,1
105450,1
105506,1
105515,1
105546,1
105548,1
105551,1
105553,1
105572,1
105616,1
105624,1
105632,1
105638,1
105654,1
105657,1
10571,1
105721,1
105755,1
105773,1
105789,1
105823,1
105858,1
105861,1
105888,1
105904,1
105908,1
105917,1
10593,1
105944,1
105951,1
105968,1
105979,1
105981,1
105988,1
105989,1
106033,1
106051,1
106056,1
106100,1
106123,1
106134,1
106135,1
10615,1
106157,1
106193,1
106199,1
106207,1
106230,1
106252,1
106303,1
106334,1
106347,1
106353,1
106355,1
10642,1
106437,1
10645,1
106457,1
106473,1
106478,1
106501,1
106507,1
106518,1
106530,1
106561,1
106566,1
106621,1
10667,1
106681,1
10671,1
106724,1
106757,1
106759,1
10676,1
106790,1
106814,1
106827,1
106848,1
10686,1
106880,1
106921,1
106935,1
10695,1
106952,1
106955,1
106971,1
106994,1
106997,1
107008,1
107030,1
10705,1
107089,1
107160,1
107161,1
107169,1
107179,1
107201,1
107238,1
107263,1
10727,1
107311,1
107313,1
107350,1
107351,1
107470,1
107488,1
107514,1
107549,1
10755,1
107554,1
107572,1
107584,1
107614,1
107633,1
107656,1
107674,1
107702,1
107735,1
107740,1
107741,1
107745,1
10777,1
107780,1
107792,1
107836,1
107845,1
107848,1
107875,1
107891,1
107895,1
10790,1
107942,1
107985,1
1080,1
108022,1
108036,1
108060,1
10809,1
108105,1
108111,1
108164,1
108179,1
108182,1
108204,1
108235,1
108252,1
108302,1
108348,1
10843,1
108442,1
108491,1
108510,1
108516,1
108519,1
108568,1
108588,1
108590,1
108620,1
108634,1
108654,1
108670,1
108681,1
108685,1
108756,1
10876,1
108768,1
108770,1
108772,1
108805,1
10882,1
108823,1
108836,1
108856,1
108858,1
108861,1
108870,1
108883,1
108891,1
108906,1
10895,1
108969,1
10901,1
109018,1
109085,1
109094,1
109134,1
109161,1
109232,1
109253,1
109277,1
109284,1
109306,1
109319,1
109322,1
109328,1
109332,1
10935,1
109371,1
109427,1
109439,1
109443,1
109444,1
109491,1
1095,1
109540,1
109544,1
109570,1
109575,1
109604,1
109611,1
109625,1
109640,1
109671,1
109677,1
109681,1
109711,1
109736,1
109749,1
109791,1
109794,1
109798,1
1098,1
109810,1
109829,1
10983,1
109842,1
109855,1
109865,1
109876,1
109889,1
109926,1
109931,1
109940,1
109943,1
109967,1
109975,1
109977,1
109979,1
110005,1
110025,1
110062,1
110081,1
110111,1
110116,1
110118,1
110165,1
110167,1
110176,1
110187,1
11019,1
110207,1
110221,1
110248,1
110254,1
110259,1
110288,1
110300,1
110303,1
110304,1
110322,1
110350,1
110357,1
110370,1
110483,1
110511,1
110565,1
110575,1
110579,1
110609,1
110624,1
110661,1
110679,1
110681,1
110715,1
110743,1
110773,1
110827,1
110872,1
110881,1
110884,1
110915,1
110926,1
110973,1
111015,1
111056,1
111081,1
111102,1
111121,1
111132,1
111184,1
111190,1
111198,1
111221,1
111225,1
11126,1
111273,1
111334,1
111346,1
111369,1
111387,1
11140,1
111449,1
111541,1
111542,1
111585,1
111652,1
111691,1
111700,1
111710,1
111721,1
111783,1
111823,1
111826,1
111828,1
111841,1
111849,1
111856,1
111904,1
111952,1
111975,1
111987,1
112006,1
112010,1
112013,1
112058,1
11209,1
112092,1
112094,1
112097,1
112108,1
112109,1
112122,1
112126,1
112141,1
11215,1
112182,1
112210,1
112213,1
112225,1
112229,1
11225,1
112259,1
112268,1
112279,1
112286,1
112300,1
112316,1
112345,1
112405,1
112415,1
112435,1
112436,1
112443,1
11246,1
112468,1
112469,1
112485,1
112531,1
112535,1
112541,1
112544,1
112584,1
112668,1
112687,1
112694,1
112732,1
112754,1
112774,1
112782,1
112787,1
112801,1
112841,1
112855,1
112858,1
112868,1
112921,1
11293,1
112952,1
112965,1
112972,1
113000,1
113014,1
113031,1
11304,1
113053,1
11316,1
113221,1
113233,1
113251,1
11328,1
113325,1
113326,1
113491,1
113514,1
113521,1
113526,1
113537,1
113577,1
113598,1
113602,1
113631,1
113644,1
113652,1
113660,1
113709,1
113743,1
113748,1
113753,1
113762,1
113763,1
113768,1
113770,1
113785,1
113801,1
113826,1
11386,1
113873,1
113936,1
113948,1
113949,1
113968,1
113983,1
113995,1
114001,1
114040,1
114042,1
114062,1
114089,1
114128,1
11413,1
114200,1
114208,1
114209,1
114224,1
114272,1
1143,1
114300,1
114308,1
114321,1
114339,1
114341,1
114344,1
114361,1
114374,1
114405,1
114419,1
114436,1
114459,1
11452,1
114569,1
114585,1
114594,1
1146,1
114616,1
114623,1
114629,1
114635,1
114637,1
114656,1
114670,1
114682,1
114690,1
114714,1
114726,1
114771,1
114778,1
114779,1
114784,1
114788,1
114805,1
114823,1
114832,1
114913,1
114915,1
114916,1
114964,1
114968,1
114974,1
114996,1
115009,1
115044,1
115065,1
115104,1
115147,1
115168,1
115198,1
115222,1
115227,1
115245,1
115274,1
115289,1
115293,1
115299,1
11531,1
115320,1
115327,1
115332,1
115350,1
11540,1
115438,1
115456,1
115462,1
115473,1
115494,1
115525,1
115537,1
115554,1
115564,1
115592,1
115594,1
115605,1
115620,1
115638,1
115710,1
115716,1
115718,1
115743,1
115744,1
115813,1
115853,1
115855,1
115873,1
1159,1
11590,1
115906,1
115920,1
115983,1
115986,1
115989,1
115994,1
116019,1
116061,1
116111,1
116123,1
116151,1
116204,1
116264,1
116271,1
116282,1
116289,1
116292,1
116330,1
116348,1
116350,1
116352,1
116407,1
116422,1
116448,1
116469,1
116482,1
116487,1
116518,1
116520,1
116530,1
116533,1
116541,1
116550,1
116556,1
116608,1
116624,1
11663,1
116636,1
116647,1
116654,1
116656,1
116694,1
1167,1
116701,1
116711,1
116712,1
116727,1
116750,1
116772,1
116809,1
116847,1
116859,1
116869,1
116897,1
1169,1
116934,1
116939,1
116955,1
117057,1
117067,1
117079,1
117086,1
117124,1
117127,1
117156,1
117190,1
117202,1
117216,1
117251,1
117258,1
117262,1
117282,1
117284,1
117285,1
117294,1
117328,1
117330,1
117341,1
11736,1
117360,1
117385,1
117395,1
117410,1
117423,1
117425,1
117428,1
11744,1
117442,1
117473,1
117556,1
117578,1
117607,1
117612,1
117627,1
117658,1
117666,1
117691,1
117692,1
117702,1
117776,1
117842,1
117921,1
117933,1
117935,1
117990,1
118049,1
118099,1
11812,1
118123,1
118138,1
118140,1
118147,1
118187,1
118203,1
11821,1
118218,1
118281,1
118290,1
118293,1
118302,1
118305,1
118307,1
118308,1
118313,1
118314,1
118383,1
11839,1
118401,1
118418,1
118446,1
118474,1
118494,1
118505,1
118576,1
118583,1
118585,1
118590,1
118600,1
118648,1
118661,1
118683,1
118691,1
118701,1
118711,1
118747,1
118766,1
118779,1
118790,1
118815,1
118820,1
118860,1
11889,1
118891,1
118916,1
118922,1
118928,1
118939,1
118955,1
118956,1
118963,1
11897,1
118994,1
119051,1
119061,1
119078,1
119082,1
119083,1
119084,1
119089,1
11912,1
119120,1
119136,1
119209,1
11921,1
119229,1
11923,1
119241,1
119242,1
119271,1
119292,1
119305,1
119309,1
119332,1
119333,1
119354,1
119369,1
119383,1
119390,1
119397,1
119418,1
119468,1
119500,1
119547,1
119568,1
119577,1
119605,1
119616,1
119628,1
11964,1
119659,1
119741,1
119750,1
119770,1
119862,1
119879,1
11988,1
119880,1
119895,1
119940,1
119942,1
11995,1
119982,1
12002,1
120026,1
120047,1
120062,1
120071,1
120089,1
120118,1
120134,1
120238,1
120267,1
120269,1
120283,1
1203,1
120301,1
120326,1
120346,1
120375,1
120381,1
120388,1
120419,1
120442,1
120454,1
120466,1
120477,1
120478,1
120565,1
120587,1
120615,1
120634,1
120665,1
12076,1
120765,1
12077,1
12082,1
120825,1
12084,1
120872,1
12088,1
120887,1
120891,1
120959,1
120986,1
121,1
121020,1
121027,1
121036,1
121076,1
121084,1
121117,1
121122,1
121123,1
121132,1
121156,1
121174,1
121189,1
121218,1
121249,1
121285,1
121293,1
121325,1
121337,1
121366,1
121475,1
121510,1
121528,1
121531,1
121533,1
121538,1
121540,1
121563,1
121571,1
121572,1
121589,1
121592,1
12163,1
121684,1
121766,1
12178,1
12180,1
121837,1
121849,1
121868,1
121895,1
121899,1
121929,1
121935,1
121968,1
12197,1
121993,1
122020,1
12204,1
122077,1
122103,1
122115,1
122125,1
122133,1
12218,1
122193,1
122201,1
122211,1
122276,1
122294,1
122335,1
122342,1
122346,1
122405,1
122446,1
122470,1
122477,1
122502,1
122544,1
122545,1
12255,1
122557,1
122560,1
122573,1
122574,1
122604,1
122619,1
122642,1
122667,1
12268,1
122706,1
122723,1
122729,1
122829,1
12283,1
122842,1
122901,1
122905,1
122917,1
122935,1
122953,1
122958,1
12298,1
122985,1
123041,1
123064,1
123087,1
123094,1
123103,1
123118,1
123123,1
123131,1
123145,1
123150,1
123151,1
123170,1
123177,1
123178,1
123192,1
123217,1
123243,1
12325,1
123275,1
123304,1
123314,1
123347,1
123374,1
123389,1
123400,1
123407,1
123447,1
123473,1
123545,1
123553,1
123565,1
123570,1
12360,1
123603,1
123611,1
123657,1
123757,1
123772,1
123798,1
123841,1
12387,1
123898,1
123922,1
123924,1
12394,1
123949,1
123983,1
124006,1
124025,1
124052,1
124063,1
124078,1
124079,1
124098,1
1241,1
124107,1
12412,1
124125,1
124129,1
124159,1
124170,1
1242,1
124219,1
124245,1
124295,1
124310,1
124337,1
124361,1
124370,1
124393,1
124398,1
1244,1
124437,1
124456,1
124468,1
124469,1
124475,1
124494,1
124509,1
124515,1
124563,1
124571,1
124578,1
124587,1
124602,1
124610,1
124625,1
124631,1
124655,1
124663,1
124666,1
124671,1
124678,1
124686,1
124713,1
124723,1
124725,1
124728,1
124759,1
124768,1
124821,1
124832,1
124837,1
124871,1
124872,1
124900,1
124907,1
124917,1
124922,1
124926,1
124962,1
124971,1
124972,1
12500,1
125053,1
125092,1
125122,1
125141,1
125153,1
125158,1
125265,1
125270,1
125318,1
125325,1
125326,1
125328,1
125340,1
125365,1
125419,1
125421,1
125429,1
125437,1
125438,1
125475,1
125488,1
125490,1
125519,1
125524,1
125532,1
125649,1
125653,1
125675,1
125682,1
125709,1
125757,1
125798,1
125821,1
125827,1
125835,1
125859,1
125879,1
12589,1
125897,1
125935,1
125948,1
125956,1
125989,1
125991,1
125999,1
126013,1
126017,1
126019,1
126031,1
126052,1
126063,1
126073,1
12617,1
126195,1
126214,1
126222,1
126235,1
126261,1
126267,1
126271,1
126278,1
126289,1
126295,1
126306,1
126316,1
12632,1
126347,1
126412,1
126432,1
126437,1
126448,1
12645,1
126491,1
126492,1
12650,1
126500,1
126565,1
126619,1
126625,1
126628,1
126630,1
126677,1
126681,1
126695,1
126698,1
126707,1
126713,1
126714,1
12674,1
126793,1
126810,1
126814,1
126848,1
126873,1
126891,1
126896,1
126902,1
126903,1
126947,1
126952,1
126962,1
126971,1
126974,1
126997,1
126999,1
12700,1
127013,1
127057,1
127058,1
127069,1
127072,1
12709,1
127125,1
127139,1
127146,1
127181,1
127182,1
127342,1
127384,1
127417,1
127430,1
127458,1
127476,1
127488,1
1275,1
127505,1
127506,1
127511,1
127529,1
127538,1
127539,1
127542,1
12758,1
127583,1
127607,1
127627,1
12764,1
127656,1
127666,1
127672,1
127684,1
127686,1
127713,1
127722,1
127744,1
127747,1
127749,1
127773,1
12779,1
12780,1
127830,1
127869,1
127905,1
127927,1
12795,1
127954,1
127965,1
127972,1
127982,1
127996,1
128006,1
128022,1
128038,1
128078,1
128079,1
128099,1
128111,1
128124,1
128139,1
12819,1
128224,1
128259,1
128270,1
128352,1
128360,1
128371,1
128391,1
128401,1
128406,1
128412,1
128438,1
128444,1
128446,1
128451,1
12849,1
128536,1
128538,1
128541,1
128643,1
128647,1
128657,1
128693,1
128705,1
128709,1
128725,1
128742,1
128775,1
128808,1
128822,1
128838,1
12885,1
128861,1
12888,1
12892,1
128955,1
128960,1
128984,1
129007,1
129013,1
129028,1
129103,1
129120,1
129158,1
129209,1
129211,1
129215,1
129229,1
129239,1
129242,1
12930,1
129312,1
129337,1
129352,1
1294,1
129412,1
129423,1
129427,1
129484,1
129494,1
1295,1
129547,1
129555,1
129572,1
129602,1
129634,1
129642,1
129652,1
129653,1
129654,1
12966,1
129662,1
12971,1
129710,1
129718,1
129731,1
129745,1
129794,1
129797,1
129820,1
129840,1
129841,1
129885,1
129919,1
129965,1
130034,1
130036,1
130118,1
13012,1
130147,1
130161,1
130173,1
130208,1
130212,1
130217,1
130226,1
130249,1
130253,1
130274,1
130284,1
130361,1
130363,1
130382,1
130386,1
130405,1
130420,1
130440,1
13046,1
130531,1
130561,1
13057,1
130600,1
130605,1
130675,1
130676,1
130677,1
130687,1
13072,1
130742,1
130757,1
